{
  "checkpoint_dir": "/workspace/cosmos_distillation/outputs/checkpoints/subset_t1_hiddenmanifold_relational_alllayer_train4_step12/final",
  "num_samples": 10,
  "aggregate": {
    "token_count_mean": 128.0,
    "token_count_std": 0.0,
    "student_norm_mean_mean": 2645.9734619140627,
    "student_norm_mean_std": 16.620157734120834,
    "teacher_norm_mean_mean": 64.49879913330078,
    "teacher_norm_mean_std": 5.277390065038307,
    "student_offdiag_cos_mean_mean": 0.9550718486309051,
    "student_offdiag_cos_mean_std": 0.0038628778889540825,
    "teacher_offdiag_cos_mean_mean": 0.4105997413396835,
    "teacher_offdiag_cos_mean_std": 0.12875578107884134,
    "raw_self_geometry_corr_mean": 0.05401775410566991,
    "raw_self_geometry_corr_std": 0.1233451527691559,
    "student_effective_rank_mean": 1.6902756214141845,
    "student_effective_rank_std": 0.060083259707292044,
    "teacher_effective_rank_mean": 32.309324741363525,
    "teacher_effective_rank_std": 13.068675472100916,
    "bridge_token_cos_mean_mean": 0.1994457647204399,
    "bridge_token_cos_mean_std": 0.03294461295717029,
    "bridge_token_mse_mean": 0.00312716499902308,
    "bridge_token_mse_std": 0.00012868990314200321,
    "student_bridge_effective_rank_mean": 1.6913384437561034,
    "student_bridge_effective_rank_std": 0.05635373671203267,
    "teacher_bridge_effective_rank_mean": 31.441293811798097,
    "teacher_bridge_effective_rank_std": 12.144911202799033
  },
  "samples": [
    {
      "sample_id": "476fed83-ed85-4b2c-b6c3-cf780a2d0123__t0_16992755__evt_00",
      "token_count": 128,
      "student_norm_mean": 2666.325439453125,
      "teacher_norm_mean": 57.367042541503906,
      "student_offdiag_cos_mean": 0.9526376724243164,
      "teacher_offdiag_cos_mean": 0.5687206983566284,
      "raw_self_geometry_corr": 0.08401332365131876,
      "student_effective_rank": 1.5982953310012817,
      "teacher_effective_rank": 16.28953742980957,
      "bridge_token_cos_mean": 0.23530635237693787,
      "bridge_token_mse": 0.0029870846774429083,
      "student_bridge_effective_rank": 1.6115792989730835,
      "teacher_bridge_effective_rank": 17.24051856994629
    },
    {
      "sample_id": "f4922e47-6671-4bcc-a038-9c15ed234f5e__t0_4833965__evt_00",
      "token_count": 128,
      "student_norm_mean": 2637.706787109375,
      "teacher_norm_mean": 65.95904541015625,
      "student_offdiag_cos_mean": 0.9538912773132324,
      "teacher_offdiag_cos_mean": 0.39750778675079346,
      "raw_self_geometry_corr": -0.02309715140165246,
      "student_effective_rank": 1.6903245449066162,
      "teacher_effective_rank": 38.34341812133789,
      "bridge_token_cos_mean": 0.17265164852142334,
      "bridge_token_mse": 0.00323182949796319,
      "student_bridge_effective_rank": 1.676330804824829,
      "teacher_bridge_effective_rank": 34.672672271728516
    },
    {
      "sample_id": "f4922e47-6671-4bcc-a038-9c15ed234f5e__t0_13533965__evt_01",
      "token_count": 128,
      "student_norm_mean": 2614.9765625,
      "teacher_norm_mean": 61.38176345825195,
      "student_offdiag_cos_mean": 0.9577285647392273,
      "teacher_offdiag_cos_mean": 0.5013379454612732,
      "raw_self_geometry_corr": -0.025818407997537776,
      "student_effective_rank": 1.8025277853012085,
      "teacher_effective_rank": 24.904151916503906,
      "bridge_token_cos_mean": 0.1614069640636444,
      "bridge_token_mse": 0.003275754163041711,
      "student_bridge_effective_rank": 1.769758701324463,
      "teacher_bridge_effective_rank": 23.57740592956543
    },
    {
      "sample_id": "594d2c54-ca9a-4bda-be8e-532b2fc359fb__t0_6659114__evt_00",
      "token_count": 128,
      "student_norm_mean": 2652.8359375,
      "teacher_norm_mean": 63.458595275878906,
      "student_offdiag_cos_mean": 0.9506425261497498,
      "teacher_offdiag_cos_mean": 0.27523913979530334,
      "raw_self_geometry_corr": 0.18734372909917982,
      "student_effective_rank": 1.71091890335083,
      "teacher_effective_rank": 34.720638275146484,
      "bridge_token_cos_mean": 0.1557341068983078,
      "bridge_token_mse": 0.0032979135867208242,
      "student_bridge_effective_rank": 1.7468289136886597,
      "teacher_bridge_effective_rank": 33.77310562133789
    },
    {
      "sample_id": "5fa56c61-e8ed-4c0b-95dd-3e15c40d9f78__t0_4493173__evt_00",
      "token_count": 128,
      "student_norm_mean": 2663.9755859375,
      "teacher_norm_mean": 69.16264343261719,
      "student_offdiag_cos_mean": 0.9541627168655396,
      "teacher_offdiag_cos_mean": 0.21235716342926025,
      "raw_self_geometry_corr": 0.09116511645636854,
      "student_effective_rank": 1.654915452003479,
      "teacher_effective_rank": 47.22422790527344,
      "bridge_token_cos_mean": 0.1636996865272522,
      "bridge_token_mse": 0.003266798099502921,
      "student_bridge_effective_rank": 1.6588568687438965,
      "teacher_bridge_effective_rank": 47.30811309814453
    },
    {
      "sample_id": "e0772c6e-1524-494f-b16f-84ca1a700a7b__t0_8590176__evt_00",
      "token_count": 128,
      "student_norm_mean": 2637.009033203125,
      "teacher_norm_mean": 62.10439682006836,
      "student_offdiag_cos_mean": 0.9555109143257141,
      "teacher_offdiag_cos_mean": 0.4935789406299591,
      "raw_self_geometry_corr": 0.012174513142650889,
      "student_effective_rank": 1.61979341506958,
      "teacher_effective_rank": 26.362092971801758,
      "bridge_token_cos_mean": 0.23045895993709564,
      "bridge_token_mse": 0.0030060196295380592,
      "student_bridge_effective_rank": 1.6125470399856567,
      "teacher_bridge_effective_rank": 25.759521484375
    },
    {
      "sample_id": "6c96345e-07e1-47c7-868f-c7fb35d2998a__t0_15933466__evt_00",
      "token_count": 128,
      "student_norm_mean": 2661.74072265625,
      "teacher_norm_mean": 58.14470672607422,
      "student_offdiag_cos_mean": 0.958807110786438,
      "teacher_offdiag_cos_mean": 0.4799830913543701,
      "raw_self_geometry_corr": 0.30875061869399956,
      "student_effective_rank": 1.6905367374420166,
      "teacher_effective_rank": 23.474557876586914,
      "bridge_token_cos_mean": 0.24545404314994812,
      "bridge_token_mse": 0.0029474450275301933,
      "student_bridge_effective_rank": 1.6844456195831299,
      "teacher_bridge_effective_rank": 24.263525009155273
    },
    {
      "sample_id": "6fb0ec61-90f9-4424-8b9c-66fba2cfd86d__t0_14780381__evt_00",
      "token_count": 128,
      "student_norm_mean": 2660.172607421875,
      "teacher_norm_mean": 62.40167999267578,
      "student_offdiag_cos_mean": 0.9618569612503052,
      "teacher_offdiag_cos_mean": 0.5957549214363098,
      "raw_self_geometry_corr": 0.05593890873622733,
      "student_effective_rank": 1.7615008354187012,
      "teacher_effective_rank": 14.264986991882324,
      "bridge_token_cos_mean": 0.23305799067020416,
      "bridge_token_mse": 0.002995867282152176,
      "student_bridge_effective_rank": 1.760735034942627,
      "teacher_bridge_effective_rank": 14.1516752243042
    },
    {
      "sample_id": "13f0af4c-2565-4a4d-b765-7f397f1d1684__t0_5148839__evt_00",
      "token_count": 128,
      "student_norm_mean": 2627.30419921875,
      "teacher_norm_mean": 75.17715454101562,
      "student_offdiag_cos_mean": 0.9573955535888672,
      "teacher_offdiag_cos_mean": 0.2955092191696167,
      "raw_self_geometry_corr": -0.17452978283986653,
      "student_effective_rank": 1.7275911569595337,
      "teacher_effective_rank": 57.46757507324219,
      "bridge_token_cos_mean": 0.19705212116241455,
      "bridge_token_mse": 0.003136515151709318,
      "student_bridge_effective_rank": 1.7395613193511963,
      "teacher_bridge_effective_rank": 53.439842224121094
    },
    {
      "sample_id": "13f0af4c-2565-4a4d-b765-7f397f1d1684__t0_11048839__evt_01",
      "token_count": 128,
      "student_norm_mean": 2637.687744140625,
      "teacher_norm_mean": 69.83096313476562,
      "student_offdiag_cos_mean": 0.9480851888656616,
      "teacher_offdiag_cos_mean": 0.2860085070133209,