{
  "checkpoint_dir": "/workspace/cosmos_distillation/outputs/checkpoints/subset_t1_hiddenfirst_topk_bridge_prefix16_from_format_train4_step12/final",
  "num_samples": 10,
  "aggregate": {
    "token_count_mean": 128.0,
    "token_count_std": 0.0,
    "student_norm_mean_mean": 2657.63203125,
    "student_norm_mean_std": 16.730482432243814,
    "student_norm_std_mean": 200.14112396240233,
    "student_norm_std_std": 29.705729860590885,
    "teacher_norm_mean_mean": 64.49879913330078,
    "teacher_norm_mean_std": 5.277390065038307,
    "teacher_norm_std_mean": 6.851812267303467,
    "teacher_norm_std_std": 0.8647814917149816,
    "student_offdiag_cos_mean_mean": 0.9727338314056396,
    "student_offdiag_cos_mean_std": 0.00362043977884273,
    "teacher_offdiag_cos_mean_mean": 0.4105997413396835,
    "teacher_offdiag_cos_mean_std": 0.12875578107884134,
    "raw_self_geometry_corr_mean": 0.0360748390141032,
    "raw_self_geometry_corr_std": 0.12559149823384902,
    "student_effective_rank_mean": 2.032686936855316,
    "student_effective_rank_std": 0.09780325095724353,
    "teacher_effective_rank_mean": 32.309324741363525,
    "teacher_effective_rank_std": 13.068675472100916,
    "bridge_token_cos_mean_mean": 0.11313228756189346,
    "bridge_token_cos_mean_std": 0.020182060712653355,
    "bridge_token_mse_mean": 0.003464326960965991,
    "bridge_token_mse_std": 7.883615282840068e-05,
    "student_bridge_effective_rank_mean": 1.9734758615493775,
    "student_bridge_effective_rank_std": 0.08512740584769718,
    "teacher_bridge_effective_rank_mean": 31.1896484375,
    "teacher_bridge_effective_rank_std": 12.051971686546036
  },
  "samples": [
    {
      "sample_id": "476fed83-ed85-4b2c-b6c3-cf780a2d0123__t0_16992755__evt_00",
      "token_count": 128,
      "student_norm_mean": 2681.188720703125,
      "student_norm_std": 233.26263427734375,
      "teacher_norm_mean": 57.367042541503906,
      "teacher_norm_std": 6.006743907928467,
      "student_offdiag_cos_mean": 0.9703073501586914,
      "teacher_offdiag_cos_mean": 0.5687206983566284,
      "raw_self_geometry_corr": 0.06449596827729413,
      "student_effective_rank": 1.8632620573043823,
      "teacher_effective_rank": 16.28953742980957,
      "bridge_token_cos_mean": 0.1331661492586136,
      "bridge_token_mse": 0.003386069554835558,
      "student_bridge_effective_rank": 1.835556149482727,
      "teacher_bridge_effective_rank": 17.04339027404785
    },
    {
      "sample_id": "f4922e47-6671-4bcc-a038-9c15ed234f5e__t0_4833965__evt_00",
      "token_count": 128,
      "student_norm_mean": 2651.35205078125,
      "student_norm_std": 181.2249755859375,
      "teacher_norm_mean": 65.95904541015625,
      "teacher_norm_std": 7.978260517120361,
      "student_offdiag_cos_mean": 0.9740713238716125,
      "teacher_offdiag_cos_mean": 0.39750778675079346,
      "raw_self_geometry_corr": -0.046475458895629686,
      "student_effective_rank": 2.0712056159973145,
      "teacher_effective_rank": 38.34341812133789,
      "bridge_token_cos_mean": 0.09092169255018234,
      "bridge_token_mse": 0.0035510873422026634,
      "student_bridge_effective_rank": 1.9889013767242432,
      "teacher_bridge_effective_rank": 34.59873962402344
    },
    {
      "sample_id": "f4922e47-6671-4bcc-a038-9c15ed234f5e__t0_13533965__evt_01",
      "token_count": 128,
      "student_norm_mean": 2637.1552734375,
      "student_norm_std": 167.16578674316406,
      "teacher_norm_mean": 61.38176345825195,
      "teacher_norm_std": 6.334794521331787,
      "student_offdiag_cos_mean": 0.9752898812294006,
      "teacher_offdiag_cos_mean": 0.5013379454612732,
      "raw_self_geometry_corr": -0.048550560553402844,
      "student_effective_rank": 2.2238612174987793,
      "teacher_effective_rank": 24.904151916503906,
      "bridge_token_cos_mean": 0.07729633152484894,
      "bridge_token_mse": 0.003604311030358076,
      "student_bridge_effective_rank": 2.117050886154175,
      "teacher_bridge_effective_rank": 23.57837677001953
    },
    {
      "sample_id": "594d2c54-ca9a-4bda-be8e-532b2fc359fb__t0_6659114__evt_00",
      "token_count": 128,
      "student_norm_mean": 2683.256103515625,
      "student_norm_std": 263.3338623046875,
      "teacher_norm_mean": 63.458595275878906,
      "teacher_norm_std": 7.214856147766113,
      "student_offdiag_cos_mean": 0.968608558177948,
      "teacher_offdiag_cos_mean": 0.27523913979530334,
      "raw_self_geometry_corr": 0.17924746289889473,
      "student_effective_rank": 2.044365167617798,
      "teacher_effective_rank": 34.720638275146484,
      "bridge_token_cos_mean": 0.0921553522348404,
      "bridge_token_mse": 0.003546267980709672,
      "student_bridge_effective_rank": 2.0526301860809326,
      "teacher_bridge_effective_rank": 33.58106231689453
    },
    {
      "sample_id": "5fa56c61-e8ed-4c0b-95dd-3e15c40d9f78__t0_4493173__evt_00",
      "token_count": 128,
      "student_norm_mean": 2666.25390625,
      "student_norm_std": 188.7318878173828,
      "teacher_norm_mean": 69.16264343261719,
      "teacher_norm_std": 7.4013142585754395,
      "student_offdiag_cos_mean": 0.9739202260971069,
      "teacher_offdiag_cos_mean": 0.21235716342926025,
      "raw_self_geometry_corr": 0.07558040340789014,
      "student_effective_rank": 1.999021291732788,
      "teacher_effective_rank": 47.22422790527344,
      "bridge_token_cos_mean": 0.1038590595126152,
      "bridge_token_mse": 0.0035005505196750164,
      "student_bridge_effective_rank": 1.9452407360076904,
      "teacher_bridge_effective_rank": 47.04894256591797
    },
    {
      "sample_id": "e0772c6e-1524-494f-b16f-84ca1a700a7b__t0_8590176__evt_00",
      "token_count": 128,
      "student_norm_mean": 2653.009521484375,
      "student_norm_std": 186.20912170410156,
      "teacher_norm_mean": 62.10439682006836,
      "teacher_norm_std": 7.608254432678223,
      "student_offdiag_cos_mean": 0.9746035933494568,
      "teacher_offdiag_cos_mean": 0.4935789406299591,
      "raw_self_geometry_corr": 0.008623677630542316,
      "student_effective_rank": 1.9653738737106323,
      "teacher_effective_rank": 26.362092971801758,
      "bridge_token_cos_mean": 0.13235658407211304,
      "bridge_token_mse": 0.0033892320934683084,
      "student_bridge_effective_rank": 1.8872299194335938,
      "teacher_bridge_effective_rank": 25.408702850341797
    },
    {
      "sample_id": "6c96345e-07e1-47c7-868f-c7fb35d2998a__t0_15933466__evt_00",
      "token_count": 128,
      "student_norm_mean": 2660.951416015625,
      "student_norm_std": 188.6735382080078,
      "teacher_norm_mean": 58.14470672607422,
      "teacher_norm_std": 5.906984806060791,
      "student_offdiag_cos_mean": 0.9743800163269043,
      "teacher_offdiag_cos_mean": 0.4799830913543701,
      "raw_self_geometry_corr": 0.2770162923758151,
      "student_effective_rank": 2.0500147342681885,
      "teacher_effective_rank": 23.474557876586914,
      "bridge_token_cos_mean": 0.1414717733860016,
      "bridge_token_mse": 0.003353626001626253,
      "student_bridge_effective_rank": 1.9792101383209229,
      "teacher_bridge_effective_rank": 23.834930419921875
    },
    {
      "sample_id": "6fb0ec61-90f9-4424-8b9c-66fba2cfd86d__t0_14780381__evt_00",
      "token_count": 128,
      "student_norm_mean": 2669.6904296875,
      "student_norm_std": 172.3457794189453,
      "teacher_norm_mean": 62.40167999267578,
      "teacher_norm_std": 5.234062671661377,
      "student_offdiag_cos_mean": 0.9778144359588623,
      "teacher_offdiag_cos_mean": 0.5957549214363098,
      "raw_self_geometry_corr": 0.057058451748596216,
      "student_effective_rank": 2.135732650756836,
      "teacher_effective_rank": 14.264986991882324,
      "bridge_token_cos_mean": 0.11870462447404861,
      "bridge_token_mse": 0.0034425598569214344,
      "student_bridge_effective_rank": 2.0651583671569824,
      "teacher_bridge_effective_rank": 14.085332870483398
    },
    {
      "sample_id": "13f0af4c-2565-4a4d-b765-7f397f1d1684__t0_5148839__evt_00",